Année;Entité;Entité;Entité;Mois;Nombre de minutes de retard sur les trains voyageurs;Attribution en %
2017;NMBS;SNCB;SNCB;2017-01;38202;35.9670099986819
2017;NMBS;SNCB;SNCB;2017-02;21525;20.08716101457661
2017;NMBS;SNCB;SNCB;2017-08;30218;33.55393191054654
2017;Andere spooroperatoren;Autres opérateurs ferroviaires;Other railway undertakings;2017-06;6151;4.107786830506211
2017;Andere spooroperatoren;Autres opérateurs ferroviaires;Other railway undertakings;2017-09;4459;3.3912871528094675
2017;Andere spooroperatoren;Autres opérateurs ferroviaires;Other railway undertakings;2017-10;6969;4.385142490388427
2017;Infrabel;Infrabel;Infrabel;2017-01;22585;21.263675221722185
2017;Infrabel;Infrabel;Infrabel;2017-03;23115;19.946670808739775
2017;Infrabel;Infrabel;Infrabel;2017-09;32408;24.647865900033462
2017;Derden;Tiers;Third parties;2017-01;36798;34.64515035682678
2017;Derden;Tiers;Third parties;2017-02;32047;29.906306575337354
2017;Derden;Tiers;Third parties;2017-05;45967;32.912090272507264
2017;Derden;Tiers;Third parties;2017-06;69092;46.141311606785095
2017;Derden;Tiers;Third parties;2017-07;36043;35.088590342679126
2017;Derden;Tiers;Third parties;2017-09;56650;43.0850902010891
2017;Derden;Tiers;Third parties;2017-12;64865;45.02606534731815
2017;Toe te wijzen;A attribuer;To be imputed;2017-03;1667;1.4385074729902316
2017;Toe te wijzen;A attribuer;To be imputed;2017-05;2188;1.5665945899503102
2017;Toe te wijzen;A attribuer;To be imputed;2017-06;220;0.14692133030586352
2017;Toe te wijzen;A attribuer;To be imputed;2017-08;186;0.2065335672566568
2017;Toe te wijzen;A attribuer;To be imputed;2017-12;2414;1.6756790526235414
2018;NMBS;SNCB;SNCB;2018-01;40845;31.24808739824959
2018;Andere spooroperatoren;Autres opérateurs ferroviaires;Other railway undertakings;2018-01;5105;3.9055327743435955
2018;Toe te wijzen;A attribuer;To be imputed;2018-01;809;0.6189179264336863
2018;NMBS;SNCB;SNCB;2018-02;40673;30.060234285503117
2018;Infrabel;Infrabel;Infrabel;2018-02;39762;29.38694061564613
2018;Derden;Tiers;Third parties;2018-02;51372;37.96755478363697
2018;Toe te wijzen;A attribuer;To be imputed;2018-02;402;0.2971065370828868
2018;Toe te wijzen;A attribuer;To be imputed;2018-04;512;0.3883848651272871
2018;NMBS;SNCB;SNCB;2018-05;52660;29.5426112616479
2018;Derden;Tiers;Third parties;2018-06;84058;48.280892809961976
2018;Toe te wijzen;A attribuer;To be imputed;2018-07;164;0.1119866708547861
2018;NMBS;SNCB;SNCB;2018-08;32693;29.70524632466517
2018;Derden;Tiers;Third parties;2018-08;47155;42.845590506823676
2018;NMBS;SNCB;SNCB;2018-09;52993;34.58553872460401
2018;Andere spooroperatoren;Autres opérateurs ferroviaires;Other railway undertakings;2018-09;2960;1.9318248565815839
2018;Derden;Tiers;Third parties;2018-11;56121;38.355761804848385
2018;Andere spooroperatoren;Autres opérateurs ferroviaires;Other railway undertakings;2018-12;5693;5.437751924656618
2019;Infrabel;Infrabel;Infrabel;2019-01;22683;16.71653450461339
2019;Derden;Tiers;Third parties;2019-01;52922;39.00156236181941
2019;Derden;Tiers;Third parties;2019-02;41239;36.91215696102826
2019;NMBS;SNCB;SNCB;2019-03;31279;29.03785811099352
2019;Andere spooroperatoren;Autres opérateurs ferroviaires;Other railway undertakings;2019-03;5463;5.071575781206484
2019;Derden;Tiers;Third parties;2019-03;45424;42.16936816502349
2019;NMBS;SNCB;SNCB;2019-04;28520;25.33894841587149
2019;Infrabel;Infrabel;Infrabel;2019-04;32463;28.84215576523269
2019;Derden;Tiers;Third parties;2019-04;46434;41.25486433178741
2019;Infrabel;Infrabel;Infrabel;2019-05;26817;18.33077001948119
2019;Derden;Tiers;Third parties;2019-05;78258;53.493284117707375
2019;Infrabel;Infrabel;Infrabel;2019-06;41798;32.73960585268039
2019;Derden;Tiers;Third parties;2019-06;39991;31.324215935081618
2019;Toe te wijzen;A attribuer;To be imputed;2019-07;503;0.377556764871458
2019;Andere spooroperatoren;Autres opérateurs ferroviaires;Other railway undertakings;2019-07;14633;10.98367423531619
2019;Derden;Tiers;Third parties;2019-07;51773;38.861324826421466
2019;Toe te wijzen;A attribuer;To be imputed;2019-08;343;0.3865311366043859
2019;Andere spooroperatoren;Autres opérateurs ferroviaires;Other railway undertakings;2019-08;3428;3.8630575401744456
2019;Derden;Tiers;Third parties;2019-09;43876;37.452198852772476
2019;Toe te wijzen;A attribuer;To be imputed;2019-10;228;0.1575793598684074
2020;Derden;Tiers;Third parties;2020-12;26949;39.06105055658627
2020;Infrabel;Infrabel;Infrabel;2020-02;23736;16.70478777684723
2020;Infrabel;Infrabel;Infrabel;2020-04;5348;19.96490835106582
2020;Infrabel;Infrabel;Infrabel;2020-07;20251;27.38064655696921
2020;NMBS;SNCB;SNCB;2020-01;32992;32.373027710181326
2020;NMBS;SNCB;SNCB;2020-02;30350;21.35955127347967
2020;NMBS;SNCB;SNCB;2020-04;9302;34.72579982827491
2020;NMBS;SNCB;SNCB;2020-06;23976;25.470886318003632
2020;NMBS;SNCB;SNCB;2020-07;23547;31.83704925568881
2020;NMBS;SNCB;SNCB;2020-09;34847;32.0916140202236
2020;NMBS;SNCB;SNCB;2020-10;33637;31.716562161142797
2020;Andere spooroperatoren;Autres opérateurs ferroviaires;Other railway undertakings;2020-05;3702;4.637354378053363
2020;Andere spooroperatoren;Autres opérateurs ferroviaires;Other railway undertakings;2020-09;3942;3.630302248908699
2020;Andere spooroperatoren;Autres opérateurs ferroviaires;Other railway undertakings;2020-10;7750;7.307529112253077
2020;Toe te wijzen;A attribuer;To be imputed;2020-02;78;0.05489439866001365
2020;Toe te wijzen;A attribuer;To be imputed;2020-05;284;0.35575598146060383
2020;Toe te wijzen;A attribuer;To be imputed;2020-11;198;0.2059860803345713
2020;Toe te wijzen;A attribuer;To be imputed;2020-12;134;0.1942254174397032
2021;Derden;Tiers;Third parties;2021-01;30740;34.57467747922033
2021;Derden;Tiers;Third parties;2021-02;52745;40.50639716159553
2021;Derden;Tiers;Third parties;2021-05;35272;39.25348053017572
2021;Derden;Tiers;Third parties;2021-12;38500;37.04345148751106
2021;Infrabel;Infrabel;Infrabel;2021-01;20376;22.917814844391458
2021;Infrabel;Infrabel;Infrabel;2021-02;27301;20.96625554855853
2021;Infrabel;Infrabel;Infrabel;2021-04;16531;20.23947990254294
2021;Infrabel;Infrabel;Infrabel;2021-07;19910;19.780241615005558
2021;Infrabel;Infrabel;Infrabel;2021-08;22121;23.85991025972905
2021;Infrabel;Infrabel;Infrabel;2021-09;35382;25.00653751828738
2021;Infrabel;Infrabel;Infrabel;2021-11;21377;19.15107101583007
2021;Infrabel;Infrabel;Infrabel;2021-12;20778;19.99191779240272
2021;NMBS;SNCB;SNCB;2021-01;34024;38.26834178767054
2021;NMBS;SNCB;SNCB;2021-05;23029;25.62849861446521
2021;NMBS;SNCB;SNCB;2021-06;40344;30.895529245991032
2021;NMBS;SNCB;SNCB;2021-07;24278;24.119774280718488
2021;NMBS;SNCB;SNCB;2021-09;39406;27.850534662982103
2021;NMBS;SNCB;SNCB;2021-10;46923;34.08516387726639
2021;NMBS;SNCB;SNCB;2021-11;41004;36.73436478145185
2021;Andere spooroperatoren;Autres opérateurs ferroviaires;Other railway undertakings;2021-04;3696;4.525141716762369
2021;Andere spooroperatoren;Autres opérateurs ferroviaires;Other railway undertakings;2021-07;4188;4.16070577014783
2021;Andere spooroperatoren;Autres opérateurs ferroviaires;Other railway undertakings;2021-09;4484;3.1691061622294
2021;Andere spooroperatoren;Autres opérateurs ferroviaires;Other railway undertakings;2021-10;2978;2.163238028823803
2021;Toe te wijzen;A attribuer;To be imputed;2021-04;191;0.2338479620945921
2021;Toe te wijzen;A attribuer;To be imputed;2021-05;323;0.359460030938046
2021;Toe te wijzen;A attribuer;To be imputed;2021-09;191;0.134990918150271
2021;Toe te wijzen;A attribuer;To be imputed;2021-12;122;0.1173844436747104
2022;Infrabel;Infrabel;Infrabel;2022-02;22909;16.563995777478922
2022;Infrabel;Infrabel;Infrabel;2022-08;21944;17.99986875779251
2022;NMBS;SNCB;SNCB;2022-03;45504;29.2833607907743
2022;NMBS;SNCB;SNCB;2022-04;38508;28.707962754497267
2022;NMBS;SNCB;SNCB;2022-06;65053;33.85021256224666
2022;Andere spooroperatoren;Autres opérateurs ferroviaires;Other railway undertakings;2022-01;3792;3.9940594685120225
2022;Andere spooroperatoren;Autres opérateurs ferroviaires;Other railway undertakings;2022-03;8726;5.615475700164745
2022;Andere spooroperatoren;Autres opérateurs ferroviaires;Other railway undertakings;2022-05;7944;4.809240716300808
2022;Andere spooroperatoren;Autres opérateurs ferroviaires;Other railway undertakings;2022-06;6567;3.4171267412152213
2022;Andere spooroperatoren;Autres opérateurs ferroviaires;Other railway undertakings;2022-09;6417;3.84214686018106
2022;Andere spooroperatoren;Autres opérateurs ferroviaires;Other railway undertakings;2022-10;4235;2.174940169886708
2022;Toe te wijzen;A attribuer;To be imputed;2022-03;1188;0.764518121911038
2022;Toe te wijzen;A attribuer;To be imputed;2022-05;114;0.06901478369313847
2022;Toe te wijzen;A attribuer;To be imputed;2022-06;273;0.1420550632483258
2022;Toe te wijzen;A attribuer;To be imputed;2022-07;293;0.20088857197707258
2022;Toe te wijzen;A attribuer;To be imputed;2022-09;145;0.08681802941035589
2023;Derden;Tiers;Third parties;2023-02;68072;35.29405664926298
2023;Derden;Tiers;Third parties;2023-04;61182;38.565107219847974
2023;Derden;Tiers;Third parties;2023-05;72357;38.18674069304736
2023;Derden;Tiers;Third parties;2023-10;68127;39.026276444001454
2023;Derden;Tiers;Third parties;2023-12;58886;39.94871238229628
2023;Infrabel;Infrabel;Infrabel;2023-02;47375;24.56304991419135
2023;Infrabel;Infrabel;Infrabel;2023-04;26454;16.674861011308202
2023;Infrabel;Infrabel;Infrabel;2023-08;26769;21.28053676336145
2023;Infrabel;Infrabel;Infrabel;2023-10;32876;18.83288364925788
2023;NMBS;SNCB;SNCB;2023-03;62439;36.07168235151389
2023;NMBS;SNCB;SNCB;2023-04;65309;41.1664964764318
2023;NMBS;SNCB;SNCB;2023-08;41093;32.66767892774523
2023;NMBS;SNCB;SNCB;2023-09;65641;39.70686088292583
2023;NMBS;SNCB;SNCB;2023-10;63977;36.64896572662645
2023;NMBS;SNCB;SNCB;2023-12;57626;39.093918753900844
2023;Andere spooroperatoren;Autres opérateurs ferroviaires;Other railway undertakings;2023-01;6604;4.362733116209628
2023;Andere spooroperatoren;Autres opérateurs ferroviaires;Other railway undertakings;2023-04;4968;3.1315003214704444
2023;Andere spooroperatoren;Autres opérateurs ferroviaires;Other railway undertakings;2023-09;6075;3.674824878715656
2023;Andere spooroperatoren;Autres opérateurs ferroviaires;Other railway undertakings;2023-10;9518;5.45234780915064
2023;Toe te wijzen;A attribuer;To be imputed;2023-04;733;0.46203497094159324
2023;Toe te wijzen;A attribuer;To be imputed;2023-05;501;0.2644050622222691
2023;Toe te wijzen;A attribuer;To be imputed;2023-09;642;0.3883518637260002
2023;Toe te wijzen;A attribuer;To be imputed;2023-12;209;0.141787197090988
2024;Infrabel;Infrabel;Infrabel;2024-02;33805;22.1535578069911
2024;Andere spooroperatoren;Autres opérateurs ferroviaires;Other railway undertakings;2024-01;7302;3.52268615674072
2024;Andere spooroperatoren;Autres opérateurs ferroviaires;Other railway undertakings;2024-03;5875;4.230027072173262
2024;Toe te wijzen;A attribuer;To be imputed;2024-01;76;0.03666449574257664
2024;Toe te wijzen;A attribuer;To be imputed;2024-02;661;0.4331756163414027
2017;NMBS;SNCB;SNCB;2017-03;34026;29.362120741431085
2017;NMBS;SNCB;SNCB;2017-04;19408;24.088071390450658
2017;NMBS;SNCB;SNCB;2017-05;45255;32.402302636289434
2017;NMBS;SNCB;SNCB;2017-06;37217;24.854414318151463
2017;NMBS;SNCB;SNCB;2017-09;37328;28.389766055185422
2017;NMBS;SNCB;SNCB;2017-10;40149;25.263177765332895
2017;NMBS;SNCB;SNCB;2017-11;44085;27.956041447360075
2017;Andere spooroperatoren;Autres opérateurs ferroviaires;Other railway undertakings;2017-01;8209;7.728736324778278
2017;Andere spooroperatoren;Autres opérateurs ferroviaires;Other railway undertakings;2017-03;5290;4.56490973732353
2017;Andere spooroperatoren;Autres opérateurs ferroviaires;Other railway undertakings;2017-05;4807;3.4417825383414717
2017;Andere spooroperatoren;Autres opérateurs ferroviaires;Other railway undertakings;2017-08;1681;1.866574873970108
2017;Andere spooroperatoren;Autres opérateurs ferroviaires;Other railway undertakings;2017-12;3788;2.6294416948376034
2017;Infrabel;Infrabel;Infrabel;2017-04;28241;35.051072966700175
2017;Infrabel;Infrabel;Infrabel;2017-06;37060;24.74956591425137
2017;Infrabel;Infrabel;Infrabel;2017-10;28518;17.944539179351008
2017;Infrabel;Infrabel;Infrabel;2017-11;34258;21.72435222646391
2017;Infrabel;Infrabel;Infrabel;2017-12;23381;16.22993037671542
2017;Derden;Tiers;Third parties;2017-03;51786;44.68779123951538
2017;Derden;Tiers;Third parties;2017-04;30007;37.242928597137926
2017;Derden;Tiers;Third parties;2017-10;81910;51.54068322395122
2017;Derden;Tiers;Third parties;2017-11;73083;46.3448197141299
2017;Toe te wijzen;A attribuer;To be imputed;2017-01;420;0.3954280979908487
2017;Toe te wijzen;A attribuer;To be imputed;2017-02;14032;13.094682618189962
2017;Toe te wijzen;A attribuer;To be imputed;2017-04;644;0.7992950317111616
2017;Toe te wijzen;A attribuer;To be imputed;2017-09;639;0.4859906908825409
2017;Toe te wijzen;A attribuer;To be imputed;2017-10;1377;0.8664573409764478
2017;Toe te wijzen;A attribuer;To be imputed;2017-11;2488;1.5777391657260262
2018;Infrabel;Infrabel;Infrabel;2018-01;27119;20.747138747781378
2018;Derden;Tiers;Third parties;2018-01;56834;43.480323153191755
2018;NMBS;SNCB;SNCB;2018-03;43321;30.31900002799474
2018;Infrabel;Infrabel;Infrabel;2018-03;35869;25.103580526860952
2018;Derden;Tiers;Third parties;2018-03;59954;41.95991153663111
2018;Derden;Tiers;Third parties;2018-04;47729;36.20551021027399
2018;Andere spooroperatoren;Autres opérateurs ferroviaires;Other railway undertakings;2018-05;5959;3.3430387487307223
2018;Infrabel;Infrabel;Infrabel;2018-05;42784;24.00210938508059
2018;Derden;Tiers;Third parties;2018-05;76240;42.77114854895624
2018;Toe te wijzen;A attribuer;To be imputed;2018-05;608;0.3410920555845409
2018;Andere spooroperatoren;Autres opérateurs ferroviaires;Other railway undertakings;2018-06;2948;1.693260272713697
2018;Infrabel;Infrabel;Infrabel;2018-06;38520;22.12496122962401
2018;Infrabel;Infrabel;Infrabel;2018-07;34913;23.84018682654357
2018;Toe te wijzen;A attribuer;To be imputed;2018-08;193;0.1753620818114085
2018;Derden;Tiers;Third parties;2018-09;66799;43.59593533607879
2018;Toe te wijzen;A attribuer;To be imputed;2018-09;1002;0.6539488196941712
2018;Andere spooroperatoren;Autres opérateurs ferroviaires;Other railway undertakings;2018-10;9111;6.156164272490169
2018;Infrabel;Infrabel;Infrabel;2018-10;34783;23.502344626278727
2018;Derden;Tiers;Third parties;2018-10;59506;40.20730009864998
2018;Toe te wijzen;A attribuer;To be imputed;2018-10;1442;0.9743374910471763
2018;NMBS;SNCB;SNCB;2018-11;46639;31.87531182295974
2018;Infrabel;Infrabel;Infrabel;2018-11;35715;24.40933042640295
2018;NMBS;SNCB;SNCB;2018-12;39388;37.622022274437875
2018;Infrabel;Infrabel;Infrabel;2018-12;21342;20.385122356582038
2019;Toe te wijzen;A attribuer;To be imputed;2019-01;3535;2.605164637561536
2019;Andere spooroperatoren;Autres opérateurs ferroviaires;Other railway undertakings;2019-01;10211;7.525130442472659
2019;Toe te wijzen;A attribuer;To be imputed;2019-02;784;0.7017418234546464
2019;Infrabel;Infrabel;Infrabel;2019-02;25488;22.81376989312758
2019;Toe te wijzen;A attribuer;To be imputed;2019-03;1009;0.9367051003546296
2019;Andere spooroperatoren;Autres opérateurs ferroviaires;Other railway undertakings;2019-04;4725;4.197984967215736
2019;Andere spooroperatoren;Autres opérateurs ferroviaires;Other railway undertakings;2019-05;9854;6.735705253084522
2019;NMBS;SNCB;SNCB;2019-06;39353;30.82448225083811
2019;Andere spooroperatoren;Autres opérateurs ferroviaires;Other railway undertakings;2019-06;6289;4.926058213491244
2019;Infrabel;Infrabel;Infrabel;2019-07;26741;20.0720585475699
2019;Derden;Tiers;Third parties;2019-08;31712;35.73666298541774
2019;Andere spooroperatoren;Autres opérateurs ferroviaires;Other railway undertakings;2019-09;5848;4.991805517618137
2019;Infrabel;Infrabel;Infrabel;2019-10;46051;31.827575005701892
2019;Andere spooroperatoren;Autres opérateurs ferroviaires;Other railway undertakings;2019-10;6314;4.3638424482856335
2019;Derden;Tiers;Third parties;2019-10;39316;27.172763651694332
2019;Toe te wijzen;A attribuer;To be imputed;2019-11;330;0.24920142271357687
2019;NMBS;SNCB;SNCB;2019-11;52235;39.44556459225361
2019;Infrabel;Infrabel;Infrabel;2019-11;40785;30.7990303799189
2019;Andere spooroperatoren;Autres opérateurs ferroviaires;Other railway undertakings;2019-11;3581;2.704213014355512
2019;NMBS;SNCB;SNCB;2019-12;36152;32.2754015230647
2020;Derden;Tiers;Third parties;2020-02;82967;58.39004581570965
2020;Derden;Tiers;Third parties;2020-03;33692;39.27676291952764
2020;Derden;Tiers;Third parties;2020-06;30567;32.47283041718456
2020;Derden;Tiers;Third parties;2020-08;30317;30.920254158634968
2020;Derden;Tiers;Third parties;2020-11;30756;31.99650447863674
2020;Infrabel;Infrabel;Infrabel;2020-05;21820;27.33308280095202
2020;Infrabel;Infrabel;Infrabel;2020-06;37005;39.3122350766485
2020;Infrabel;Infrabel;Infrabel;2020-09;37110;34.17567642237489
2020;Infrabel;Infrabel;Infrabel;2020-11;26812;27.89342821177034
2020;Infrabel;Infrabel;Infrabel;2020-12;14849;21.52278525046382
2020;NMBS;SNCB;SNCB;2020-11;30916;32.162957876886914
2020;NMBS;SNCB;SNCB;2020-12;23102;33.48504174397032
2020;Andere spooroperatoren;Autres opérateurs ferroviaires;Other railway undertakings;2020-03;3243;3.7805574661055483
2020;Andere spooroperatoren;Autres opérateurs ferroviaires;Other railway undertakings;2020-06;2515;2.671808437177975
2020;Andere spooroperatoren;Autres opérateurs ferroviaires;Other railway undertakings;2020-07;2015;2.724408810048539
2020;Andere spooroperatoren;Autres opérateurs ferroviaires;Other railway undertakings;2020-11;7441;7.7411233523714404
2020;Toe te wijzen;A attribuer;To be imputed;2020-03;56;0.06528252177055524
2020;Toe te wijzen;A attribuer;To be imputed;2020-04;91;0.33971702691604144
2020;Toe te wijzen;A attribuer;To be imputed;2020-07;562;0.7598599261773097
2020;Toe te wijzen;A attribuer;To be imputed;2020-09;334;0.3075902970917061
2020;Toe te wijzen;A attribuer;To be imputed;2020-10;1198;1.129602564706992
2021;Derden;Tiers;Third parties;2021-03;46600;40.34317672216018
2021;Derden;Tiers;Third parties;2021-04;34191;41.86123388469214
2021;Derden;Tiers;Third parties;2021-06;52098;39.89676984576741
2021;Derden;Tiers;Third parties;2021-11;45689;40.93152844843805
2021;Infrabel;Infrabel;Infrabel;2021-03;31424;27.20480655187042
2021;Infrabel;Infrabel;Infrabel;2021-05;28960;32.22898605562171
2021;Infrabel;Infrabel;Infrabel;2021-06;33623;25.7485717786525
2021;Infrabel;Infrabel;Infrabel;2021-10;29668;21.55102278010228
2021;NMBS;SNCB;SNCB;2021-04;27068;33.14029653390795
2021;NMBS;SNCB;SNCB;2021-08;27372;29.52368625420658
2021;NMBS;SNCB;SNCB;2021-12;40634;39.09671708424739
2021;Andere spooroperatoren;Autres opérateurs ferroviaires;Other railway undertakings;2021-02;5276;4.051791666026696
2021;Andere spooroperatoren;Autres opérateurs ferroviaires;Other railway undertakings;2021-06;3753;2.874056148626917
2021;Andere spooroperatoren;Autres opérateurs ferroviaires;Other railway undertakings;2021-12;3898;3.750529192164107
2021;Toe te wijzen;A attribuer;To be imputed;2021-01;191;0.2148263955280118
2021;Toe te wijzen;A attribuer;To be imputed;2021-02;8783;6.745050455404181
2021;Toe te wijzen;A attribuer;To be imputed;2021-08;221;0.23837259470187241
2022;Derden;Tiers;Third parties;2022-08;45169;37.05049543933329
2022;Derden;Tiers;Third parties;2022-09;61705;36.94556210183456
2022;Derden;Tiers;Third parties;2022-11;58753;35.48572187862389
2022;Derden;Tiers;Third parties;2022-12;72012;32.78787050949324
2022;Infrabel;Infrabel;Infrabel;2022-01;19343;20.37370577516563
2022;Infrabel;Infrabel;Infrabel;2022-03;30640;19.71787479406919
2022;Infrabel;Infrabel;Infrabel;2022-09;38730;23.18939502802127
2022;Infrabel;Infrabel;Infrabel;2022-10;38269;19.653550262430798
2022;Infrabel;Infrabel;Infrabel;2022-11;41360;24.98067259373792
2022;NMBS;SNCB;SNCB;2022-01;35837;37.74660052032315
2022;NMBS;SNCB;SNCB;2022-02;31548;22.81029022602056
2022;NMBS;SNCB;SNCB;2022-05;49534;29.987528907508082
2022;NMBS;SNCB;SNCB;2022-07;49891;34.206592984669385
2022;NMBS;SNCB;SNCB;2022-12;100526;45.77061421481582
2022;Andere spooroperatoren;Autres opérateurs ferroviaires;Other railway undertakings;2022-02;5205;3.7633942128324147
2022;Andere spooroperatoren;Autres opérateurs ferroviaires;Other railway undertakings;2022-04;9073;6.763980109887652
2022;Andere spooroperatoren;Autres opérateurs ferroviaires;Other railway undertakings;2022-07;4539;3.112058799330828
2022;Toe te wijzen;A attribuer;To be imputed;2022-02;233;0.1684670223996067
2022;Toe te wijzen;A attribuer;To be imputed;2022-11;986;0.5955257054503286
2022;Toe te wijzen;A attribuer;To be imputed;2022-12;567;0.258161453353367
2023;Derden;Tiers;Third parties;2023-01;60552;40.00184973542177
2023;Derden;Tiers;Third parties;2023-03;65319;37.73548934990208
2023;Derden;Tiers;Third parties;2023-07;55106;45.34913385178784
2023;Derden;Tiers;Third parties;2023-08;54226;43.1080124969195
2023;Derden;Tiers;Third parties;2023-09;66224;40.059523089393515
2023;Derden;Tiers;Third parties;2023-11;71783;39.294179471318856
2023;Infrabel;Infrabel;Infrabel;2023-01;23425;15.475018662509171
2023;Infrabel;Infrabel;Infrabel;2023-03;32906;19.0101503781117
2023;Infrabel;Infrabel;Infrabel;2023-06;48322;24.76095801264642
2023;Infrabel;Infrabel;Infrabel;2023-07;20507;16.8761058305559
2023;Infrabel;Infrabel;Infrabel;2023-09;26732;16.170439285239
2023;NMBS;SNCB;SNCB;2023-06;66710;34.183260399479394
2023;NMBS;SNCB;SNCB;2023-07;39903;32.83792124429083
2023;NMBS;SNCB;SNCB;2023-11;69789;38.202659280384935
2023;Andere spooroperatoren;Autres opérateurs ferroviaires;Other railway undertakings;2023-05;4818;2.542721736101582
2023;Andere spooroperatoren;Autres opérateurs ferroviaires;Other railway undertakings;2023-06;8899;4.55998852188528
2023;Andere spooroperatoren;Autres opérateurs ferroviaires;Other railway undertakings;2023-07;4117;3.38805908735547
2023;Andere spooroperatoren;Autres opérateurs ferroviaires;Other railway undertakings;2023-08;3584;2.849170449396221
2023;Andere spooroperatoren;Autres opérateurs ferroviaires;Other railway undertakings;2023-12;5141;3.4876936853816725
2023;Toe te wijzen;A attribuer;To be imputed;2023-01;658;0.4346878241165862
2023;Toe te wijzen;A attribuer;To be imputed;2023-02;497;0.2576851885457119
2023;Toe te wijzen;A attribuer;To be imputed;2023-07;1882;1.548779986009958
2023;Toe te wijzen;A attribuer;To be imputed;2023-10;69;0.03952637096358418
2023;Toe te wijzen;A attribuer;To be imputed;2023-11;565;0.30928230084135727
2024;Derden;Tiers;Third parties;2024-01;70124;33.8297513085848
2024;Derden;Tiers;Third parties;2024-05;69017;44.12146396036439
2024;Infrabel;Infrabel;Infrabel;2024-04;23847;17.453579348756872
2024;Infrabel;Infrabel;Infrabel;2024-05;29838;19.07495604922487
2024;NMBS;SNCB;SNCB;2024-04;45201;33.08253617407469
2024;NMBS;SNCB;SNCB;2024-05;51395;32.856001278567994
2024;Andere spooroperatoren;Autres opérateurs ferroviaires;Other railway undertakings;2024-04;5548;4.0605719053509075
2024;Toe te wijzen;A attribuer;To be imputed;2024-03;125;0.09000057600368642
2024;Toe te wijzen;A attribuer;To be imputed;2024-05;767;0.4903308294709925
2017;NMBS;SNCB;SNCB;2017-07;32855;31.985007788161994
2017;NMBS;SNCB;SNCB;2017-12;49613;34.438883528505286
2017;Andere spooroperatoren;Autres opérateurs ferroviaires;Other railway undertakings;2017-02;6643;6.199257171653072
2017;Andere spooroperatoren;Autres opérateurs ferroviaires;Other railway undertakings;2017-04;2271;2.8186320140000745
2017;Andere spooroperatoren;Autres opérateurs ferroviaires;Other railway undertakings;2017-07;5886;5.730140186915888
2017;Andere spooroperatoren;Autres opérateurs ferroviaires;Other railway undertakings;2017-11;3780;2.397047446320088
2017;Infrabel;Infrabel;Infrabel;2017-02;32911;30.712592620243008
2017;Infrabel;Infrabel;Infrabel;2017-05;41449;29.677229962911518
2017;Infrabel;Infrabel;Infrabel;2017-07;27139;26.420366043613708
2017;Infrabel;Infrabel;Infrabel;2017-08;20123;22.34448910701992
2017;Derden;Tiers;Third parties;2017-08;37850;42.02847054120678
2017;Toe te wijzen;A attribuer;To be imputed;2017-07;797;0.7758956386292835
2018;Andere spooroperatoren;Autres opérateurs ferroviaires;Other railway undertakings;2018-02;3096;2.28816377813089
2018;Andere spooroperatoren;Autres opérateurs ferroviaires;Other railway undertakings;2018-03;2717;1.901542510008119
2018;Toe te wijzen;A attribuer;To be imputed;2018-03;1023;0.715965398505081
2018;NMBS;SNCB;SNCB;2018-04;42855;32.50826834966775
2018;Andere spooroperatoren;Autres opérateurs ferroviaires;Other railway undertakings;2018-04;2765;2.09742998452529
2018;Infrabel;Infrabel;Infrabel;2018-04;37967;28.80040659040568
2018;NMBS;SNCB;SNCB;2018-06;47567;27.32134036369485
2018;Toe te wijzen;A attribuer;To be imputed;2018-06;1009;0.5795453240054681
2018;NMBS;SNCB;SNCB;2018-07;38835;26.51830708930254
2018;Andere spooroperatoren;Autres opérateurs ferroviaires;Other railway undertakings;2018-07;8894;6.073228357210167
2018;Derden;Tiers;Third parties;2018-07;63640;43.45629105608894
2018;Andere spooroperatoren;Autres opérateurs ferroviaires;Other railway undertakings;2018-08;6353;5.772410910610769
2018;Infrabel;Infrabel;Infrabel;2018-08;23664;21.501390176088968
2018;Infrabel;Infrabel;Infrabel;2018-09;29469;19.23275226304145
2018;NMBS;SNCB;SNCB;2018-10;43156;29.15985351153394
2018;Andere spooroperatoren;Autres opérateurs ferroviaires;Other railway undertakings;2018-11;7657;5.233158142936228
2018;Toe te wijzen;A attribuer;To be imputed;2018-11;185;0.1264378028527102
2018;Derden;Tiers;Third parties;2018-12;38034;36.32872944008252
2018;Toe te wijzen;A attribuer;To be imputed;2018-12;237;0.2263740042409307
2019;NMBS;SNCB;SNCB;2019-01;46341;34.151608053533
2019;NMBS;SNCB;SNCB;2019-02;40284;36.05735665312114
2019;Andere spooroperatoren;Autres opérateurs ferroviaires;Other railway undertakings;2019-02;3927;3.514974669268363
2019;Infrabel;Infrabel;Infrabel;2019-03;24543;22.78449284242188
2019;Toe te wijzen;A attribuer;To be imputed;2019-04;412;0.36604651989267367
2019;Toe te wijzen;A attribuer;To be imputed;2019-05;1337;0.913906832085854
2019;NMBS;SNCB;SNCB;2019-05;30029;20.52633377764107
2019;Toe te wijzen;A attribuer;To be imputed;2019-06;237;0.185637747908638
2019;NMBS;SNCB;SNCB;2019-07;39575;29.70538562582098
2019;NMBS;SNCB;SNCB;2019-08;30795;34.703283824291745
2019;Infrabel;Infrabel;Infrabel;2019-08;22460;25.31046451351169
2019;Toe te wijzen;A attribuer;To be imputed;2019-09;3;0.00256077574433215
2019;NMBS;SNCB;SNCB;2019-09;39568;33.7749248839115
2019;Infrabel;Infrabel;Infrabel;2019-09;27857;23.77850996995357
2019;NMBS;SNCB;SNCB;2019-10;52780;36.478239534449756
2019;Derden;Tiers;Third parties;2019-11;35492;26.8019905907584
2019;Toe te wijzen;A attribuer;To be imputed;2019-12;79;0.07052878735124228
2019;Infrabel;Infrabel;Infrabel;2019-12;26421;23.5878619064199
2019;Andere spooroperatoren;Autres opérateurs ferroviaires;Other railway undertakings;2019-12;7468;6.667202328342752
2019;Derden;Tiers;Third parties;2019-12;41891;37.3990054548214
2020;Derden;Tiers;Third parties;2020-01;42716;41.9145929821807
2020;Derden;Tiers;Third parties;2020-04;10259;38.29842834210624
2020;Derden;Tiers;Third parties;2020-05;29371;36.79193285732181
2020;Derden;Tiers;Third parties;2020-07;27586;37.29803545111613
2020;Derden;Tiers;Third parties;2020-09;32353;29.794817011401097
2020;Derden;Tiers;Third parties;2020-10;38310;36.12276648908585
2020;Infrabel;Infrabel;Infrabel;2020-01;21267;20.86800376795667
2020;Infrabel;Infrabel;Infrabel;2020-03;22119;25.78543034005199
2020;Infrabel;Infrabel;Infrabel;2020-08;30807;31.4200042835725
2020;Infrabel;Infrabel;Infrabel;2020-10;25160;23.72353967281128
2020;NMBS;SNCB;SNCB;2020-03;26671;31.09196675254427
2020;NMBS;SNCB;SNCB;2020-05;24653;30.8818739822122
2020;NMBS;SNCB;SNCB;2020-08;29373;29.957470244469597
2020;Andere spooroperatoren;Autres opérateurs ferroviaires;Other railway undertakings;2020-01;4709;4.620653112489205
2020;Andere spooroperatoren;Autres opérateurs ferroviaires;Other railway undertakings;2020-02;4960;3.490720735303432
2020;Andere spooroperatoren;Autres opérateurs ferroviaires;Other railway undertakings;2020-04;1787;6.671146451636988
2020;Andere spooroperatoren;Autres opérateurs ferroviaires;Other railway undertakings;2020-08;4826;4.9220287815276045
2020;Andere spooroperatoren;Autres opérateurs ferroviaires;Other railway undertakings;2020-12;3958;5.73689703153989
2020;Toe te wijzen;A attribuer;To be imputed;2020-01;228;0.2237224271920873
2020;Toe te wijzen;A attribuer;To be imputed;2020-06;68;0.07223975098532895
2020;Toe te wijzen;A attribuer;To be imputed;2020-08;2726;2.780242531795327
2021;Derden;Tiers;Third parties;2021-07;52280;51.939278334128126
2021;Derden;Tiers;Third parties;2021-08;39901;43.03757873845888
2021;Derden;Tiers;Third parties;2021-09;62028;43.83883073835085
2021;Derden;Tiers;Third parties;2021-10;57002;41.40661320316132
2021;NMBS;SNCB;SNCB;2021-02;36109;27.73050516841507
2021;NMBS;SNCB;SNCB;2021-03;34581;29.937926914785862
2021;Andere spooroperatoren;Autres opérateurs ferroviaires;Other railway undertakings;2021-01;3578;4.024339493189666
2021;Andere spooroperatoren;Autres opérateurs ferroviaires;Other railway undertakings;2021-03;2771;2.398947268178237
2021;Andere spooroperatoren;Autres opérateurs ferroviaires;Other railway undertakings;2021-05;2273;2.529574768799315
2021;Andere spooroperatoren;Autres opérateurs ferroviaires;Other railway undertakings;2021-08;3097;3.3404521529036146
2021;Andere spooroperatoren;Autres opérateurs ferroviaires;Other railway undertakings;2021-11;3419;3.062988810549797
2021;Toe te wijzen;A attribuer;To be imputed;2021-03;133;0.11514254300530699
2021;Toe te wijzen;A attribuer;To be imputed;2021-06;764;0.5850729809621541
2021;Toe te wijzen;A attribuer;To be imputed;2021-10;1093;0.7939621106462111
2021;Toe te wijzen;A attribuer;To be imputed;2021-11;134;0.1200469437302348
2022;Derden;Tiers;Third parties;2022-01;35581;37.47695937476959
2022;Derden;Tiers;Third parties;2022-02;78411;56.693852761268495
2022;Derden;Tiers;Third parties;2022-03;69334;44.61877059308073
2022;Derden;Tiers;Third parties;2022-04;59660;44.47691539247188
2022;Derden;Tiers;Third parties;2022-05;66874;40.48504074293809
2022;Derden;Tiers;Third parties;2022-06;82144;42.74348393945228
2022;Derden;Tiers;Third parties;2022-07;62825;43.07448646573239
2022;Derden;Tiers;Third parties;2022-10;82306;42.269333086823
2022;Infrabel;Infrabel;Infrabel;2022-04;26660;19.87520221862722
2022;Infrabel;Infrabel;Infrabel;2022-05;40716;24.64917484955988
2022;Infrabel;Infrabel;Infrabel;2022-06;38142;19.84712169383752
2022;Infrabel;Infrabel;Infrabel;2022-07;28304;19.40597317829032
2022;Infrabel;Infrabel;Infrabel;2022-12;41681;18.97782634430633
2022;NMBS;SNCB;SNCB;2022-08;46933;38.497440776953866
2022;NMBS;SNCB;SNCB;2022-09;60019;35.93607798055276
2022;NMBS;SNCB;SNCB;2022-10;69156;35.5159769512834
2022;NMBS;SNCB;SNCB;2022-11;59248;35.78469269424043
2022;Andere spooroperatoren;Autres opérateurs ferroviaires;Other railway undertakings;2022-08;7544;6.188070083338802
2022;Andere spooroperatoren;Autres opérateurs ferroviaires;Other railway undertakings;2022-11;5221;3.1533871279474304
2022;Andere spooroperatoren;Autres opérateurs ferroviaires;Other railway undertakings;2022-12;4844;2.2055274780312337
2022;Toe te wijzen;A attribuer;To be imputed;2022-01;388;0.4086748612296058
2022;Toe te wijzen;A attribuer;To be imputed;2022-04;236;0.17593952451597988
2022;Toe te wijzen;A attribuer;To be imputed;2022-08;322;0.26412494258153424
2022;Toe te wijzen;A attribuer;To be imputed;2022-10;752;0.38619952957610487
2023;Derden;Tiers;Third parties;2023-06;70825;36.291851563380725
2023;Infrabel;Infrabel;Infrabel;2023-05;46482;24.53109002438226
2023;Infrabel;Infrabel;Infrabel;2023-11;34089;18.66039708563014
2023;Infrabel;Infrabel;Infrabel;2023-12;25542;17.32788798133022
2023;NMBS;SNCB;SNCB;2023-01;60134;39.72571066174285
2023;NMBS;SNCB;SNCB;2023-02;66802;34.63558544312001
2023;NMBS;SNCB;SNCB;2023-05;65324;34.47504248424653
2023;Andere spooroperatoren;Autres opérateurs ferroviaires;Other railway undertakings;2023-02;10125;5.249622804879946
2023;Andere spooroperatoren;Autres opérateurs ferroviaires;Other railway undertakings;2023-03;12228;7.064247213989844
2023;Andere spooroperatoren;Autres opérateurs ferroviaires;Other railway undertakings;2023-11;6455;3.5334818618247112
2023;Toe te wijzen;A attribuer;To be imputed;2023-03;205;0.1184307064824925
2023;Toe te wijzen;A attribuer;To be imputed;2023-06;398;0.20394150260819663
2023;Toe te wijzen;A attribuer;To be imputed;2023-08;119;0.0946013625776089
2024;Derden;Tiers;Third parties;2024-02;62737;41.11367419426714
2024;Derden;Tiers;Third parties;2024-03;54514;39.250331202119696
2024;Derden;Tiers;Third parties;2024-04;61751;45.19545344760706
2024;Infrabel;Infrabel;Infrabel;2024-01;38639;18.6405190920713
2024;Infrabel;Infrabel;Infrabel;2024-03;32827;23.635591267784108
2024;NMBS;SNCB;SNCB;2024-01;91144;43.9703789468606
2024;NMBS;SNCB;SNCB;2024-02;52184;34.19793700931885
2024;NMBS;SNCB;SNCB;2024-03;45547;32.79404988191925
2024;Andere spooroperatoren;Autres opérateurs ferroviaires;Other railway undertakings;2024-02;3207;2.10165537308151
2024;Andere spooroperatoren;Autres opérateurs ferroviaires;Other railway undertakings;2024-05;5408;3.457247882371744
2024;Toe te wijzen;A attribuer;To be imputed;2024-04;284;0.2078591242104647
